Date,Site Name,Degree Day Area,HDD at 10.5?C,HDD at 15.5?C,HDD at 18.5?C,CDD at 10.5?C,CDD at 15.5?C,CDD at 18.5?C
25/3/2014,Thames Valley,Thames Valley - Oxford Area,5.10,10.10,13.10,0.00,0.00,0.00
26/3/2014,Thames Valley,Thames Valley - Oxford Area,6.60,11.60,14.60,0.00,0.00,0.00
27/3/2014,Thames Valley,Thames Valley - Oxford Area,6.30,11.30,14.30,0.00,0.00,0.00
28/3/2014,Thames Valley,Thames Valley - Oxford Area,4.00,8.90,11.90,0.10,0.00,0.00
29/3/2014,Thames Valley,Thames Valley - Oxford Area,1.00,3.80,6.20,2.70,0.60,0.00
30/3/2014,Thames Valley,Thames Valley - Oxford Area,1.20,3.80,6.10,3.10,0.80,0.10
31/3/2014,Thames Valley,Thames Valley - Oxford Area,0.30,3.10,5.90,2.40,0.20,0.00
1/4/2014,Thames Valley,Thames Valley - Oxford Area,1.00,4.70,7.60,1.30,0.10,0.00
2/4/2014,Thames Valley,Thames Valley - Oxford Area,0.10,2.60,5.20,2.90,0.40,0.00
3/4/2014,Thames Valley,Thames Valley - Oxford Area,0.10,3.40,6.40,1.70,0.00,0.00
4/4/2014,Thames Valley,Thames Valley - Oxford Area,0.40,4.20,7.20,1.30,0.00,0.00
5/4/2014,Thames Valley,Thames Valley - Oxford Area,1.20,4.60,7.60,1.60,0.00,0.00
6/4/2014,Thames Valley,Thames Valley - Oxford Area,0.00,2.60,5.60,2.40,0.00,0.00
7/4/2014,Thames Valley,Thames Valley - Oxford Area,0.60,4.10,7.10,1.50,0.00,0.00
8/4/2014,Thames Valley,Thames Valley - Oxford Area,2.40,6.80,9.80,0.60,0.00,0.00
9/4/2014,Thames Valley,Thames Valley - Oxford Area,2.00,5.20,8.20,1.80,0.00,0.00
10/4/2014,Thames Valley,Thames Valley - Oxford Area,1.70,5.20,8.10,1.60,0.00,0.00
11/4/2014,Thames Valley,Thames Valley - Oxford Area,1.00,4.40,7.40,1.70,0.00,0.00
12/4/2014,Thames Valley,Thames Valley - Oxford Area,1.60,5.90,8.90,0.70,0.00,0.00
13/4/2014,Thames Valley,Thames Valley - Oxford Area,1.20,4.50,7.20,2.10,0.40,0.10
14/4/2014,Thames Valley,Thames Valley - Oxford Area,1.90,5.40,8.40,1.50,0.00,0.00
15/4/2014,Thames Valley,Thames Valley - Oxford Area,3.20,7.20,10.20,1.10,0.00,0.00
16/4/2014,Thames Valley,Thames Valley - Oxford Area,3.10,6.50,9.30,1.90,0.30,0.00
17/4/2014,Thames Valley,Thames Valley - Oxford Area,1.80,5.10,8.10,1.70,0.00,0.00
18/4/2014,Thames Valley,Thames Valley - Oxford Area,3.00,7.60,10.60,0.40,0.00,0.00
19/4/2014,Thames Valley,Thames Valley - Oxford Area,3.70,8.30,11.30,0.50,0.00,0.00
20/4/2014,Thames Valley,Thames Valley - Oxford Area,2.10,6.60,9.60,0.40,0.00,0.00
21/4/2014,Thames Valley,Thames Valley - Oxford Area,1.60,4.80,7.60,2.00,0.20,0.00
22/4/2014,Thames Valley,Thames Valley - Oxford Area,0.30,4.10,7.10,1.10,0.00,0.00
23/4/2014,Thames Valley,Thames Valley - Oxford Area,0.70,4.30,7.30,1.40,0.00,0.00
24/4/2014,Thames Valley,Thames Valley - Oxford Area,0.40,3.80,6.80,1.60,0.00,0.00
25/4/2014,Thames Valley,Thames Valley - Oxford Area,1.20,6.20,9.20,0.00,0.00,0.00
26/4/2014,Thames Valley,Thames Valley - Oxford Area,0.60,4.50,7.50,1.20,0.00,0.00
27/4/2014,Thames Valley,Thames Valley - Oxford Area,0.50,4.50,7.50,1.10,0.00,0.00
28/4/2014,Thames Valley,Thames Valley - Oxford Area,0.30,3.90,6.90,1.50,0.00,0.00
29/4/2014,Thames Valley,Thames Valley - Oxford Area,1.30,4.70,7.70,1.60,0.00,0.00
30/4/2014,Thames Valley,Thames Valley - Oxford Area,1.40,4.30,6.90,2.50,0.40,0.00
1/5/2014,Thames Valley,Thames Valley - Oxford Area,0.20,4.00,7.00,1.20,0.00,0.00
2/5/2014,Thames Valley,Thames Valley - Oxford Area,1.60,6.50,9.50,0.20,0.00,0.00
3/5/2014,Thames Valley,Thames Valley - Oxford Area,3.40,7.80,10.80,0.60,0.00,0.00
4/5/2014,Thames Valley,Thames Valley - Oxford Area,2.10,5.30,8.20,1.90,0.10,0.00
5/5/2014,Thames Valley,Thames Valley - Oxford Area,1.50,4.00,6.70,2.80,0.30,0.00
6/5/2014,Thames Valley,Thames Valley - Oxford Area,0.00,2.60,5.30,2.70,0.30,0.00
7/5/2014,Thames Valley,Thames Valley - Oxford Area,0.20,3.30,6.20,1.90,0.10,0.00
8/5/2014,Thames Valley,Thames Valley - Oxford Area,0.00,2.90,5.90,2.20,0.00,0.00
9/5/2014,Thames Valley,Thames Valley - Oxford Area,0.00,2.70,5.60,2.40,0.10,0.00
10/5/2014,Thames Valley,Thames Valley - Oxford Area,0.00,3.00,6.00,2.00,0.00,0.00
11/5/2014,Thames Valley,Thames Valley - Oxford Area,0.40,4.50,7.50,0.90,0.00,0.00
12/5/2014,Thames Valley,Thames Valley - Oxford Area,0.60,4.00,7.00,1.60,0.00,0.00
13/5/2014,Thames Valley,Thames Valley - Oxford Area,0.70,4.30,7.30,1.40,0.00,0.00
14/5/2014,Thames Valley,Thames Valley - Oxford Area,1.20,3.70,6.20,3.00,0.50,0.00
15/5/2014,Thames Valley,Thames Valley - Oxford Area,0.90,3.10,5.10,3.80,1.00,0.10
16/5/2014,Thames Valley,Thames Valley - Oxford Area,0.50,2.40,4.10,5.20,2.00,0.70
17/5/2014,Thames Valley,Thames Valley - Oxford Area,0.20,2.00,3.60,5.80,2.70,1.20
18/5/2014,Thames Valley,Thames Valley - Oxford Area,0.30,2.00,3.50,6.00,2.80,1.30
19/5/2014,Thames Valley,Thames Valley - Oxford Area,0.00,1.10,2.30,7.90,4.00,2.10
20/5/2014,Thames Valley,Thames Valley - Oxford Area,0.00,1.20,3.20,4.80,1.00,0.00
21/5/2014,Thames Valley,Thames Valley - Oxford Area,0.90,2.70,4.70,4.20,1.10,0.10
22/5/2014,Thames Valley,Thames Valley - Oxford Area,0.00,2.20,5.10,2.90,0.00,0.00
23/5/2014,Thames Valley,Thames Valley - Oxford Area,0.10,3.90,6.90,1.30,0.00,0.00
24/5/2014,Thames Valley,Thames Valley - Oxford Area,0.30,3.80,6.80,1.50,0.00,0.00
25/5/2014,Thames Valley,Thames Valley - Oxford Area,0.30,2.90,5.60,2.70,0.30,0.00
26/5/2014,Thames Valley,Thames Valley - Oxford Area,0.90,5.30,8.30,0.70,0.00,0.00
27/5/2014,Thames Valley,Thames Valley - Oxford Area,0.10,3.80,6.80,1.30,0.00,0.00
28/5/2014,Thames Valley,Thames Valley - Oxford Area,0.20,3.40,6.40,1.80,0.00,0.00
29/5/2014,Thames Valley,Thames Valley - Oxford Area,0.00,1.20,3.70,4.30,0.50,0.00
30/5/2014,Thames Valley,Thames Valley - Oxford Area,0.00,2.20,5.20,2.80,0.00,0.00
31/5/2014,Thames Valley,Thames Valley - Oxford Area,0.00,1.80,4.10,3.90,0.70,0.00
1/6/2014,Thames Valley,Thames Valley - Oxford Area,0.30,1.80,3.50,5.20,1.80,0.40
2/6/2014,Thames Valley,Thames Valley - Oxford Area,0.00,1.10,3.10,4.90,0.90,0.00
3/6/2014,Thames Valley,Thames Valley - Oxford Area,0.00,1.40,3.60,4.40,0.80,0.10
4/6/2014,Thames Valley,Thames Valley - Oxford Area,0.20,4.00,7.00,1.20,0.00,0.00
5/6/2014,Thames Valley,Thames Valley - Oxford Area,0.20,2.40,4.70,3.50,0.70,0.00
6/6/2014,Thames Valley,Thames Valley - Oxford Area,0.60,2.10,3.60,5.90,2.40,0.90
7/6/2014,Thames Valley,Thames Valley - Oxford Area,0.00,0.70,2.70,5.60,1.30,0.30
8/6/2014,Thames Valley,Thames Valley - Oxford Area,0.00,1.00,2.50,6.50,2.60,1.10
9/6/2014,Thames Valley,Thames Valley - Oxford Area,0.00,0.50,1.70,7.80,3.30,1.60
10/6/2014,Thames Valley,Thames Valley - Oxford Area,0.00,0.90,2.50,6.00,2.00,0.50
11/6/2014,Thames Valley,Thames Valley - Oxford Area,0.00,1.60,3.20,5.30,1.80,0.50
12/6/2014,Thames Valley,Thames Valley - Oxford Area,0.20,1.70,3.10,6.50,3.00,1.40
13/6/2014,Thames Valley,Thames Valley - Oxford Area,0.00,1.00,2.00,7.80,3.80,1.80
14/6/2014,Thames Valley,Thames Valley - Oxford Area,0.00,0.20,1.70,6.90,2.20,0.60
15/6/2014,Thames Valley,Thames Valley - Oxford Area,0.00,0.80,3.00,5.00,0.80,0.00
16/6/2014,Thames Valley,Thames Valley - Oxford Area,0.00,1.30,4.00,4.00,0.30,0.00
17/6/2014,Thames Valley,Thames Valley - Oxford Area,0.00,1.00,2.60,5.80,1.80,0.40
18/6/2014,Thames Valley,Thames Valley - Oxford Area,0.00,0.30,1.70,7.30,2.70,1.10
19/6/2014,Thames Valley,Thames Valley - Oxford Area,0.00,1.00,2.80,5.30,1.30,0.10
20/6/2014,Thames Valley,Thames Valley - Oxford Area,0.00,1.10,2.60,6.40,2.50,1.00
21/6/2014,Thames Valley,Thames Valley - Oxford Area,0.00,1.20,2.70,6.30,2.50,0.90
22/6/2014,Thames Valley,Thames Valley - Oxford Area,0.00,1.20,2.40,7.40,3.50,1.80
23/6/2014,Thames Valley,Thames Valley - Oxford Area,0.00,0.20,1.20,8.80,4.00,2.10
24/6/2014,Thames Valley,Thames Valley - Oxford Area,0.00,0.60,2.10,7.10,2.70,1.10
25/6/2014,Thames Valley,Thames Valley - Oxford Area,0.00,1.60,3.30,5.00,1.50,0.30
26/6/2014,Thames Valley,Thames Valley - Oxford Area,0.10,1.50,3.40,5.00,1.50,0.40
27/6/2014,Thames Valley,Thames Valley - Oxford Area,0.00,0.50,2.50,5.50,1.00,0.00
28/6/2014,Thames Valley,Thames Valley - Oxford Area,0.00,1.60,4.40,3.60,0.20,0.00
29/6/2014,Thames Valley,Thames Valley - Oxford Area,0.00,1.70,3.70,4.40,1.00,0.00
30/6/2014,Thames Valley,Thames Valley - Oxford Area,0.20,1.70,3.50,5.00,1.40,0.20
1/7/2014,Thames Valley,Thames Valley - Oxford Area,0.00,1.30,2.70,6.20,2.50,0.90
2/7/2014,Thames Valley,Thames Valley - Oxford Area,0.20,1.40,2.60,7.20,3.40,1.60
3/7/2014,Thames Valley,Thames Valley - Oxford Area,0.00,0.60,1.70,8.70,4.30,2.40
4/7/2014,Thames Valley,Thames Valley - Oxford Area,0.00,0.30,1.40,8.20,3.50,1.60
5/7/2014,Thames Valley,Thames Valley - Oxford Area,0.00,0.00,1.30,6.90,1.90,0.20
6/7/2014,Thames Valley,Thames Valley - Oxford Area,0.00,1.20,2.90,5.50,1.60,0.40
7/7/2014,Thames Valley,Thames Valley - Oxford Area,0.10,1.90,3.80,4.70,1.50,0.40
8/7/2014,Thames Valley,Thames Valley - Oxford Area,0.00,1.70,3.90,4.20,0.90,0.10
9/7/2014,Thames Valley,Thames Valley - Oxford Area,0.00,1.10,2.60,6.10,2.20,0.70
10/7/2014,Thames Valley,Thames Valley - Oxford Area,0.00,0.60,1.90,8.00,3.50,1.80
11/7/2014,Thames Valley,Thames Valley - Oxford Area,0.00,0.90,2.70,6.00,1.90,0.60
12/7/2014,Thames Valley,Thames Valley - Oxford Area,0.00,0.50,1.40,9.20,4.80,2.60
13/7/2014,Thames Valley,Thames Valley - Oxford Area,0.00,0.30,1.10,7.70,3.00,0.80
14/7/2014,Thames Valley,Thames Valley - Oxford Area,0.00,1.20,2.20,7.30,3.40,1.40
15/7/2014,Thames Valley,Thames Valley - Oxford Area,0.00,0.20,1.10,8.70,3.90,1.80
16/7/2014,Thames Valley,Thames Valley - Oxford Area,0.00,0.90,1.80,8.70,4.60,2.40
17/7/2014,Thames Valley,Thames Valley - Oxford Area,0.00,0.10,0.80,11.00,6.00,3.70
18/7/2014,Thames Valley,Thames Valley - Oxford Area,0.00,0.00,0.20,11.90,6.90,4.10
19/7/2014,Thames Valley,Thames Valley - Oxford Area,0.00,0.00,0.20,10.00,5.00,2.20
20/7/2014,Thames Valley,Thames Valley - Oxford Area,0.00,0.00,0.40,10.00,5.00,2.50
21/7/2014,Thames Valley,Thames Valley - Oxford Area,0.00,0.10,1.10,9.60,4.60,2.70
22/7/2014,Thames Valley,Thames Valley - Oxford Area,0.00,0.40,1.30,9.70,5.10,3.00
23/7/2014,Thames Valley,Thames Valley - Oxford Area,0.00,0.00,0.70,10.60,5.60,3.30
24/7/2014,Thames Valley,Thames Valley - Oxford Area,0.00,0.00,0.80,10.90,5.90,3.60
25/7/2014,Thames Valley,Thames Valley - Oxford Area,0.00,0.10,1.10,9.80,5.00,2.90
26/7/2014,Thames Valley,Thames Valley - Oxford Area,0.00,0.20,1.00,11.20,6.40,4.20
27/7/2014,Thames Valley,Thames Valley - Oxford Area,0.00,0.00,0.40,9.80,4.80,2.30
28/7/2014,Thames Valley,Thames Valley - Oxford Area,0.00,0.60,1.90,7.40,3.00,1.30
29/7/2014,Thames Valley,Thames Valley - Oxford Area,0.00,0.70,1.70,9.00,4.70,2.70
30/7/2014,Thames Valley,Thames Valley - Oxford Area,0.00,0.50,1.60,8.70,4.20,2.30
31/7/2014,Thames Valley,Thames Valley - Oxford Area,0.00,0.50,1.50,8.40,3.90,1.90
1/8/2014,Thames Valley,Thames Valley - Oxford Area,0.00,0.30,1.30,7.80,3.10,1.20
2/8/2014,Thames Valley,Thames Valley - Oxford Area,0.00,0.30,2.00,6.20,1.50,0.20
3/8/2014,Thames Valley,Thames Valley - Oxford Area,0.00,1.00,2.40,6.70,2.70,1.10
4/8/2014,Thames Valley,Thames Valley - Oxford Area,0.00,0.90,2.40,6.60,2.50,1.00
5/8/2014,Thames Valley,Thames Valley - Oxford Area,0.00,1.00,2.10,6.80,2.70,0.90
6/8/2014,Thames Valley,Thames Valley - Oxford Area,0.00,0.00,0.70,9.10,4.10,1.80
7/8/2014,Thames Valley,Thames Valley - Oxford Area,0.00,0.40,1.70,8.30,3.70,2.00
8/8/2014,Thames Valley,Thames Valley - Oxford Area,0.00,0.30,1.60,7.70,3.00,1.30
9/8/2014,Thames Valley,Thames Valley - Oxford Area,0.00,0.50,2.00,6.70,2.20,0.80
10/8/2014,Thames Valley,Thames Valley - Oxford Area,0.00,0.80,2.90,5.20,1.00,0.10
11/8/2014,Thames Valley,Thames Valley - Oxford Area,0.00,1.20,3.10,5.10,1.20,0.20
12/8/2014,Thames Valley,Thames Valley - Oxford Area,0.00,1.40,3.50,4.50,0.90,0.10
13/8/2014,Thames Valley,Thames Valley - Oxford Area,0.00,1.10,3.00,5.50,1.60,0.40
14/8/2014,Thames Valley,Thames Valley - Oxford Area,0.00,1.10,3.30,4.90,1.00,0.10
15/8/2014,Thames Valley,Thames Valley - Oxford Area,0.00,1.60,3.70,4.40,1.00,0.10
16/8/2014,Thames Valley,Thames Valley - Oxford Area,0.00,1.50,3.40,4.80,1.30,0.20
17/8/2014,Thames Valley,Thames Valley - Oxford Area,0.00,0.80,2.90,5.30,1.10,0.20
18/8/2014,Thames Valley,Thames Valley - Oxford Area,0.00,1.90,4.10,3.90,0.80,0.00
19/8/2014,Thames Valley,Thames Valley - Oxford Area,0.10,2.70,5.60,2.40,0.10,0.00
20/8/2014,Thames Valley,Thames Valley - Oxford Area,0.80,3.30,5.70,3.10,0.60,0.00
21/8/2014,Thames Valley,Thames Valley - Oxford Area,1.10,3.20,6.00,3.10,0.20,0.00
22/8/2014,Thames Valley,Thames Valley - Oxford Area,0.00,1.60,3.80,4.30,0.90,0.00
23/8/2014,Thames Valley,Thames Valley - Oxford Area,0.80,3.60,6.20,2.60,0.30,0.00
24/8/2014,Thames Valley,Thames Valley - Oxford Area,1.20,3.30,5.40,3.90,0.90,0.00
25/8/2014,Thames Valley,Thames Valley - Oxford Area,0.00,1.00,3.60,4.40,0.40,0.00
26/8/2014,Thames Valley,Thames Valley - Oxford Area,0.00,0.70,3.40,4.60,0.30,0.00
27/8/2014,Thames Valley,Thames Valley - Oxford Area,0.20,1.70,3.40,4.80,1.30,0.00
28/8/2014,Thames Valley,Thames Valley - Oxford Area,0.00,0.20,1.50,6.90,2.00,0.40
29/8/2014,Thames Valley,Thames Valley - Oxford Area,0.00,0.50,2.20,5.90,1.50,0.10
30/8/2014,Thames Valley,Thames Valley - Oxford Area,0.00,0.40,2.30,5.80,1.20,0.10
31/8/2014,Thames Valley,Thames Valley - Oxford Area,0.00,1.20,3.10,5.60,1.90,0.70
1/9/2014,Thames Valley,Thames Valley - Oxford Area,0.00,1.00,2.90,5.40,1.30,0.20
2/9/2014,Thames Valley,Thames Valley - Oxford Area,0.00,1.60,3.30,5.40,2.00,0.70
3/9/2014,Thames Valley,Thames Valley - Oxford Area,0.00,0.60,2.30,6.70,2.40,1.00
4/9/2014,Thames Valley,Thames Valley - Oxford Area,0.00,1.10,2.30,6.20,2.30,0.60
5/9/2014,Thames Valley,Thames Valley - Oxford Area,0.00,0.00,1.20,7.30,2.30,0.50
6/9/2014,Thames Valley,Thames Valley - Oxford Area,0.00,0.20,1.90,6.70,1.90,0.60
7/9/2014,Thames Valley,Thames Valley - Oxford Area,0.00,1.40,3.30,5.40,1.80,0.60
8/9/2014,Thames Valley,Thames Valley - Oxford Area,0.60,2.80,4.70,4.60,1.80,0.70
9/9/2014,Thames Valley,Thames Valley - Oxford Area,0.30,2.40,4.10,5.00,2.00,0.80
10/9/2014,Thames Valley,Thames Valley - Oxford Area,0.00,2.00,3.80,4.70,1.70,0.50
11/9/2014,Thames Valley,Thames Valley - Oxford Area,0.40,2.20,4.40,4.00,0.70,0.00
12/9/2014,Thames Valley,Thames Valley - Oxford Area,0.00,1.40,3.10,5.50,1.80,0.60
13/9/2014,Thames Valley,Thames Valley - Oxford Area,0.00,1.40,3.20,5.20,1.60,0.40
14/9/2014,Thames Valley,Thames Valley - Oxford Area,0.10,1.60,3.40,4.90,1.50,0.30
15/9/2014,Thames Valley,Thames Valley - Oxford Area,0.00,1.30,3.30,5.10,1.50,0.40
16/9/2014,Thames Valley,Thames Valley - Oxford Area,0.00,1.60,3.30,5.60,2.20,0.90
17/9/2014,Thames Valley,Thames Valley - Oxford Area,0.00,0.20,1.70,7.10,2.20,0.70
18/9/2014,Thames Valley,Thames Valley - Oxford Area,0.00,0.10,1.20,8.40,3.40,1.60
19/9/2014,Thames Valley,Thames Valley - Oxford Area,0.00,0.00,1.30,7.00,2.00,0.30
20/9/2014,Thames Valley,Thames Valley - Oxford Area,0.00,0.10,2.00,6.00,1.10,0.00
21/9/2014,Thames Valley,Thames Valley - Oxford Area,0.20,2.40,4.80,3.50,0.70,0.00
22/9/2014,Thames Valley,Thames Valley - Oxford Area,1.90,5.00,7.30,2.70,0.80,0.10
23/9/2014,Thames Valley,Thames Valley - Oxford Area,1.20,3.50,5.80,3.50,0.80,0.10
24/9/2014,Thames Valley,Thames Valley - Oxford Area,0.30,2.70,5.30,3.00,0.40,0.00
25/9/2014,Thames Valley,Thames Valley - Oxford Area,1.30,3.10,5.10,4.20,1.00,0.00
26/9/2014,Thames Valley,Thames Valley - Oxford Area,0.00,0.10,1.80,6.80,1.90,0.60
27/9/2014,Thames Valley,Thames Valley - Oxford Area,0.00,0.70,2.30,6.30,2.00,0.50
28/9/2014,Thames Valley,Thames Valley - Oxford Area,0.00,0.60,2.20,7.10,2.70,1.30
29/9/2014,Thames Valley,Thames Valley - Oxford Area,0.00,1.20,3.30,4.80,1.00,0.10
30/9/2014,Thames Valley,Thames Valley - Oxford Area,0.00,0.60,2.50,6.20,1.80,0.70
1/10/2014,Thames Valley,Thames Valley - Oxford Area,0.00,0.30,2.00,6.10,1.40,0.10
2/10/2014,Thames Valley,Thames Valley - Oxford Area,0.00,1.60,3.70,4.50,1.10,0.20
3/10/2014,Thames Valley,Thames Valley - Oxford Area,0.00,1.30,3.30,5.10,1.30,0.40
4/10/2014,Thames Valley,Thames Valley - Oxford Area,0.80,3.40,6.30,2.50,0.00,0.00
5/10/2014,Thames Valley,Thames Valley - Oxford Area,2.50,6.20,9.20,1.30,0.00,0.00
6/10/2014,Thames Valley,Thames Valley - Oxford Area,0.60,5.00,8.00,0.60,0.00,0.00
7/10/2014,Thames Valley,Thames Valley - Oxford Area,1.70,6.00,9.00,0.70,0.00,0.00
8/10/2014,Thames Valley,Thames Valley - Oxford Area,0.70,4.00,6.90,1.80,0.10,0.00
9/10/2014,Thames Valley,Thames Valley - Oxford Area,0.00,2.70,5.60,2.40,0.00,0.00
10/10/2014,Thames Valley,Thames Valley - Oxford Area,0.50,3.40,6.10,2.40,0.30,0.00
11/10/2014,Thames Valley,Thames Valley - Oxford Area,1.00,4.50,7.40,1.60,0.10,0.00
12/10/2014,Thames Valley,Thames Valley - Oxford Area,2.20,6.60,9.60,0.60,0.00,0.00
13/10/2014,Thames Valley,Thames Valley - Oxford Area,0.00,4.20,7.20,0.80,0.00,0.00
14/10/2014,Thames Valley,Thames Valley - Oxford Area,0.00,3.90,6.90,1.10,0.00,0.00
15/10/2014,Thames Valley,Thames Valley - Oxford Area,0.00,2.90,5.90,2.10,0.00,0.00
16/10/2014,Thames Valley,Thames Valley - Oxford Area,0.00,2.00,4.80,3.20,0.20,0.00
17/10/2014,Thames Valley,Thames Valley - Oxford Area,0.00,1.10,3.40,4.60,0.70,0.00
18/10/2014,Thames Valley,Thames Valley - Oxford Area,0.00,0.00,1.50,6.50,1.50,0.00
19/10/2014,Thames Valley,Thames Valley - Oxford Area,0.00,0.50,2.90,5.10,0.60,0.00
20/10/2014,Thames Valley,Thames Valley - Oxford Area,0.00,2.60,5.50,2.50,0.00,0.00
21/10/2014,Thames Valley,Thames Valley - Oxford Area,0.80,4.30,7.30,1.50,0.00,0.00
22/10/2014,Thames Valley,Thames Valley - Oxford Area,1.40,5.60,8.60,0.70,0.00,0.00
23/10/2014,Thames Valley,Thames Valley - Oxford Area,0.00,2.00,4.90,3.10,0.00,0.00
24/10/2014,Thames Valley,Thames Valley - Oxford Area,0.10,1.80,4.80,3.40,0.10,0.00
25/10/2014,Thames Valley,Thames Valley - Oxford Area,0.80,4.20,7.20,1.60,0.00,0.00
26/10/2014,Thames Valley,Thames Valley - Oxford Area,0.00,2.70,5.70,2.30,0.00,0.00
27/10/2014,Thames Valley,Thames Valley - Oxford Area,0.00,1.20,3.80,4.20,0.40,0.00
28/10/2014,Thames Valley,Thames Valley - Oxford Area,0.00,1.70,4.00,4.10,0.70,0.10
29/10/2014,Thames Valley,Thames Valley - Oxford Area,0.00,3.40,6.40,1.60,0.00,0.00
30/10/2014,Thames Valley,Thames Valley - Oxford Area,0.00,0.70,3.20,4.80,0.50,0.00
31/10/2014,Thames Valley,Thames Valley - Oxford Area,0.00,0.60,2.70,5.70,1.30,0.40
1/11/2014,Thames Valley,Thames Valley - Oxford Area,0.00,1.20,4.00,4.00,0.20,0.00
2/11/2014,Thames Valley,Thames Valley - Oxford Area,0.30,2.70,5.70,2.60,0.00,0.00
3/11/2014,Thames Valley,Thames Valley - Oxford Area,2.30,7.30,10.30,0.00,0.00,0.00
4/11/2014,Thames Valley,Thames Valley - Oxford Area,4.70,9.70,12.70,0.00,0.00,0.00
5/11/2014,Thames Valley,Thames Valley - Oxford Area,4.80,9.80,12.80,0.00,0.00,0.00
6/11/2014,Thames Valley,Thames Valley - Oxford Area,4.20,9.20,12.20,0.00,0.00,0.00
7/11/2014,Thames Valley,Thames Valley - Oxford Area,1.10,5.50,8.50,0.60,0.00,0.00
8/11/2014,Thames Valley,Thames Valley - Oxford Area,1.80,6.40,9.40,0.30,0.00,0.00
9/11/2014,Thames Valley,Thames Valley - Oxford Area,3.50,8.30,11.30,0.20,0.00,0.00
10/11/2014,Thames Valley,Thames Valley - Oxford Area,1.80,6.50,9.50,0.40,0.00,0.00
11/11/2014,Thames Valley,Thames Valley - Oxford Area,0.00,4.30,7.30,0.70,0.00,0.00
12/11/2014,Thames Valley,Thames Valley - Oxford Area,0.50,5.10,8.10,0.40,0.00,0.00
13/11/2014,Thames Valley,Thames Valley - Oxford Area,0.30,4.10,7.10,1.20,0.00,0.00
14/11/2014,Thames Valley,Thames Valley - Oxford Area,0.80,4.70,7.70,1.10,0.00,0.00
15/11/2014,Thames Valley,Thames Valley - Oxford Area,1.90,6.80,9.80,0.20,0.00,0.00
16/11/2014,Thames Valley,Thames Valley - Oxford Area,1.60,6.60,9.60,0.00,0.00,0.00
17/11/2014,Thames Valley,Thames Valley - Oxford Area,2.30,7.30,10.30,0.00,0.00,0.00
18/11/2014,Thames Valley,Thames Valley - Oxford Area,2.50,7.40,10.40,0.10,0.00,0.00
19/11/2014,Thames Valley,Thames Valley - Oxford Area,2.00,6.90,9.90,0.10,0.00,0.00
20/11/2014,Thames Valley,Thames Valley - Oxford Area,3.40,8.40,11.40,0.00,0.00,0.00
21/11/2014,Thames Valley,Thames Valley - Oxford Area,4.10,9.10,12.10,0.00,0.00,0.00
22/11/2014,Thames Valley,Thames Valley - Oxford Area,0.10,3.40,6.40,1.70,0.00,0.00
23/11/2014,Thames Valley,Thames Valley - Oxford Area,3.00,8.00,11.00,0.00,0.00,0.00
24/11/2014,Thames Valley,Thames Valley - Oxford Area,8.50,13.50,16.50,0.00,0.00,0.00
25/11/2014,Thames Valley,Thames Valley - Oxford Area,7.30,12.30,15.30,0.00,0.00,0.00
26/11/2014,Thames Valley,Thames Valley - Oxford Area,2.80,7.80,10.80,0.00,0.00,0.00
27/11/2014,Thames Valley,Thames Valley - Oxford Area,2.20,7.20,10.20,0.00,0.00,0.00
28/11/2014,Thames Valley,Thames Valley - Oxford Area,0.60,5.40,8.40,0.20,0.00,0.00
29/11/2014,Thames Valley,Thames Valley - Oxford Area,1.50,6.30,9.30,0.30,0.00,0.00
30/11/2014,Thames Valley,Thames Valley - Oxford Area,2.20,7.10,10.10,0.10,0.00,0.00
1/12/2014,Thames Valley,Thames Valley - Oxford Area,3.40,8.40,11.40,0.00,0.00,0.00
2/12/2014,Thames Valley,Thames Valley - Oxford Area,4.30,9.30,12.30,0.00,0.00,0.00
3/12/2014,Thames Valley,Thames Valley - Oxford Area,6.20,11.20,14.20,0.00,0.00,0.00
4/12/2014,Thames Valley,Thames Valley - Oxford Area,6.70,11.70,14.70,0.00,0.00,0.00
5/12/2014,Thames Valley,Thames Valley - Oxford Area,7.10,12.10,15.10,0.00,0.00,0.00
6/12/2014,Thames Valley,Thames Valley - Oxford Area,8.80,13.80,16.80,0.00,0.00,0.00
7/12/2014,Thames Valley,Thames Valley - Oxford Area,4.30,9.30,12.30,0.00,0.00,0.00
8/12/2014,Thames Valley,Thames Valley - Oxford Area,7.10,12.10,15.10,0.00,0.00,0.00
9/12/2014,Thames Valley,Thames Valley - Oxford Area,5.70,10.60,13.50,0.10,0.00,0.00
10/12/2014,Thames Valley,Thames Valley - Oxford Area,3.90,8.80,11.80,0.00,0.00,0.00
11/12/2014,Thames Valley,Thames Valley - Oxford Area,4.10,9.10,12.10,0.00,0.00,0.00
12/12/2014,Thames Valley,Thames Valley - Oxford Area,4.60,9.60,12.60,0.00,0.00,0.00
13/12/2014,Thames Valley,Thames Valley - Oxford Area,9.00,13.90,16.80,0.00,0.00,0.00
14/12/2014,Thames Valley,Thames Valley - Oxford Area,4.80,9.80,12.80,0.00,0.00,0.00
15/12/2014,Thames Valley,Thames Valley - Oxford Area,4.70,9.70,12.70,0.00,0.00,0.00
16/12/2014,Thames Valley,Thames Valley - Oxford Area,6.40,11.40,14.40,0.00,0.00,0.00
17/12/2014,Thames Valley,Thames Valley - Oxford Area,0.30,4.40,7.40,0.80,0.00,0.00
18/12/2014,Thames Valley,Thames Valley - Oxford Area,0.00,3.20,6.20,1.80,0.00,0.00
19/12/2014,Thames Valley,Thames Valley - Oxford Area,2.40,7.10,10.10,0.30,0.00,0.00
20/12/2014,Thames Valley,Thames Valley - Oxford Area,3.90,8.90,11.90,0.00,0.00,0.00
21/12/2014,Thames Valley,Thames Valley - Oxford Area,2.40,7.30,10.30,0.10,0.00,0.00
22/12/2014,Thames Valley,Thames Valley - Oxford Area,0.00,3.80,6.80,1.20,0.00,0.00
23/12/2014,Thames Valley,Thames Valley - Oxford Area,0.10,4.70,7.70,0.40,0.00,0.00
24/12/2014,Thames Valley,Thames Valley - Oxford Area,3.10,8.00,11.00,0.10,0.00,0.00
25/12/2014,Thames Valley,Thames Valley - Oxford Area,6.40,11.40,14.40,0.00,0.00,0.00
26/12/2014,Thames Valley,Thames Valley - Oxford Area,7.50,12.40,15.30,0.00,0.00,0.00
27/12/2014,Thames Valley,Thames Valley - Oxford Area,7.80,12.80,15.80,0.00,0.00,0.00
28/12/2014,Thames Valley,Thames Valley - Oxford Area,10.00,15.00,18.00,0.00,0.00,0.00
29/12/2014,Thames Valley,Thames Valley - Oxford Area,10.90,15.90,18.90,0.00,0.00,0.00
30/12/2014,Thames Valley,Thames Valley - Oxford Area,10.80,15.80,18.80,0.00,0.00,0.00
31/12/2014,Thames Valley,Thames Valley - Oxford Area,10.00,15.00,18.00,0.00,0.00,0.00
1/1/2014,Thames Valley,Thames Valley - Oxford Area,2.40,7.40,10.40,0.00,0.00,0.00
2/1/2014,Thames Valley,Thames Valley - Oxford Area,2.60,7.60,10.60,0.00,0.00,0.00
3/1/2014,Thames Valley,Thames Valley - Oxford Area,3.20,8.20,11.20,0.00,0.00,0.00
4/1/2014,Thames Valley,Thames Valley - Oxford Area,4.70,9.70,12.70,0.00,0.00,0.00
5/1/2014,Thames Valley,Thames Valley - Oxford Area,5.30,10.20,13.20,0.10,0.00,0.00
6/1/2014,Thames Valley,Thames Valley - Oxford Area,0.70,5.50,8.50,0.20,0.00,0.00
7/1/2014,Thames Valley,Thames Valley - Oxford Area,1.70,6.70,9.70,0.00,0.00,0.00
8/1/2014,Thames Valley,Thames Valley - Oxford Area,2.10,7.10,10.10,0.00,0.00,0.00
9/1/2014,Thames Valley,Thames Valley - Oxford Area,3.50,8.50,11.50,0.00,0.00,0.00
10/1/2014,Thames Valley,Thames Valley - Oxford Area,5.10,10.10,13.10,0.00,0.00,0.00
11/1/2014,Thames Valley,Thames Valley - Oxford Area,6.20,11.20,14.20,0.00,0.00,0.00
12/1/2014,Thames Valley,Thames Valley - Oxford Area,7.10,12.10,15.10,0.00,0.00,0.00
13/1/2014,Thames Valley,Thames Valley - Oxford Area,5.10,10.10,13.10,0.00,0.00,0.00
14/1/2014,Thames Valley,Thames Valley - Oxford Area,7.40,12.40,15.40,0.00,0.00,0.00
15/1/2014,Thames Valley,Thames Valley - Oxford Area,1.30,6.30,9.30,0.00,0.00,0.00
16/1/2014,Thames Valley,Thames Valley - Oxford Area,3.70,8.70,11.70,0.00,0.00,0.00
17/1/2014,Thames Valley,Thames Valley - Oxford Area,4.20,9.20,12.20,0.00,0.00,0.00
18/1/2014,Thames Valley,Thames Valley - Oxford Area,2.70,7.70,10.70,0.00,0.00,0.00
19/1/2014,Thames Valley,Thames Valley - Oxford Area,5.60,10.60,13.60,0.00,0.00,0.00
20/1/2014,Thames Valley,Thames Valley - Oxford Area,8.30,13.30,16.30,0.00,0.00,0.00
21/1/2014,Thames Valley,Thames Valley - Oxford Area,7.00,12.00,15.00,0.00,0.00,0.00
22/1/2014,Thames Valley,Thames Valley - Oxford Area,3.70,8.70,11.70,0.00,0.00,0.00
23/1/2014,Thames Valley,Thames Valley - Oxford Area,6.10,11.10,14.10,0.00,0.00,0.00
24/1/2014,Thames Valley,Thames Valley - Oxford Area,5.70,10.70,13.70,0.00,0.00,0.00
25/1/2014,Thames Valley,Thames Valley - Oxford Area,3.20,8.20,11.20,0.00,0.00,0.00
26/1/2014,Thames Valley,Thames Valley - Oxford Area,5.80,10.80,13.80,0.00,0.00,0.00
27/1/2014,Thames Valley,Thames Valley - Oxford Area,6.60,11.60,14.60,0.00,0.00,0.00
28/1/2014,Thames Valley,Thames Valley - Oxford Area,4.70,9.70,12.70,0.00,0.00,0.00
29/1/2014,Thames Valley,Thames Valley - Oxford Area,6.40,11.40,14.40,0.00,0.00,0.00
30/1/2014,Thames Valley,Thames Valley - Oxford Area,7.80,12.80,15.80,0.00,0.00,0.00
31/1/2014,Thames Valley,Thames Valley - Oxford Area,5.30,10.30,13.30,0.00,0.00,0.00
1/2/2014,Thames Valley,Thames Valley - Oxford Area,4.30,9.30,12.30,0.00,0.00,0.00
2/2/2014,Thames Valley,Thames Valley - Oxford Area,4.30,9.30,12.30,0.00,0.00,0.00
3/2/2014,Thames Valley,Thames Valley - Oxford Area,4.60,9.60,12.60,0.00,0.00,0.00
4/2/2014,Thames Valley,Thames Valley - Oxford Area,5.00,10.00,13.00,0.00,0.00,0.00
5/2/2014,Thames Valley,Thames Valley - Oxford Area,3.50,8.50,11.50,0.00,0.00,0.00
6/2/2014,Thames Valley,Thames Valley - Oxford Area,4.00,9.00,12.00,0.00,0.00,0.00
7/2/2014,Thames Valley,Thames Valley - Oxford Area,4.30,9.30,12.30,0.00,0.00,0.00
8/2/2014,Thames Valley,Thames Valley - Oxford Area,3.20,8.20,11.20,0.00,0.00,0.00
9/2/2014,Thames Valley,Thames Valley - Oxford Area,5.10,10.10,13.10,0.00,0.00,0.00
10/2/2014,Thames Valley,Thames Valley - Oxford Area,6.30,11.30,14.30,0.00,0.00,0.00
11/2/2014,Thames Valley,Thames Valley - Oxford Area,6.10,11.10,14.10,0.00,0.00,0.00
12/2/2014,Thames Valley,Thames Valley - Oxford Area,5.30,10.30,13.30,0.00,0.00,0.00
13/2/2014,Thames Valley,Thames Valley - Oxford Area,6.50,11.50,14.50,0.00,0.00,0.00
14/2/2014,Thames Valley,Thames Valley - Oxford Area,4.70,9.60,12.60,0.00,0.00,0.00
15/2/2014,Thames Valley,Thames Valley - Oxford Area,3.20,8.20,11.20,0.00,0.00,0.00
16/2/2014,Thames Valley,Thames Valley - Oxford Area,5.40,10.40,13.40,0.00,0.00,0.00
17/2/2014,Thames Valley,Thames Valley - Oxford Area,3.20,8.20,11.20,0.00,0.00,0.00
18/2/2014,Thames Valley,Thames Valley - Oxford Area,3.00,8.00,11.00,0.00,0.00,0.00
19/2/2014,Thames Valley,Thames Valley - Oxford Area,3.20,8.20,11.20,0.00,0.00,0.00
20/2/2014,Thames Valley,Thames Valley - Oxford Area,2.00,6.90,9.90,0.10,0.00,0.00
21/2/2014,Thames Valley,Thames Valley - Oxford Area,5.20,10.20,13.20,0.00,0.00,0.00
22/2/2014,Thames Valley,Thames Valley - Oxford Area,3.30,8.30,11.30,0.00,0.00,0.00
23/2/2014,Thames Valley,Thames Valley - Oxford Area,0.80,5.60,8.60,0.30,0.00,0.00
24/2/2014,Thames Valley,Thames Valley - Oxford Area,1.60,6.60,9.60,0.00,0.00,0.00
25/2/2014,Thames Valley,Thames Valley - Oxford Area,3.50,8.50,11.50,0.00,0.00,0.00
26/2/2014,Thames Valley,Thames Valley - Oxford Area,4.40,9.40,12.40,0.00,0.00,0.00
27/2/2014,Thames Valley,Thames Valley - Oxford Area,3.70,8.70,11.70,0.00,0.00,0.00
28/2/2014,Thames Valley,Thames Valley - Oxford Area,6.40,11.40,14.40,0.00,0.00,0.00
1/3/2014,Thames Valley,Thames Valley - Oxford Area,6.80,11.80,14.80,0.00,0.00,0.00
2/3/2014,Thames Valley,Thames Valley - Oxford Area,4.00,9.00,12.00,0.00,0.00,0.00
3/3/2014,Thames Valley,Thames Valley - Oxford Area,5.80,10.80,13.80,0.00,0.00,0.00
4/3/2014,Thames Valley,Thames Valley - Oxford Area,6.00,10.90,13.90,0.00,0.00,0.00
5/3/2014,Thames Valley,Thames Valley - Oxford Area,5.20,10.10,13.10,0.10,0.00,0.00
6/3/2014,Thames Valley,Thames Valley - Oxford Area,2.40,7.40,10.40,0.00,0.00,0.00
7/3/2014,Thames Valley,Thames Valley - Oxford Area,1.60,5.40,8.40,1.20,0.00,0.00
8/3/2014,Thames Valley,Thames Valley - Oxford Area,1.90,5.90,8.90,1.00,0.00,0.00
9/3/2014,Thames Valley,Thames Valley - Oxford Area,1.90,5.20,7.70,2.30,0.60,0.00
10/3/2014,Thames Valley,Thames Valley - Oxford Area,3.90,8.90,11.90,0.00,0.00,0.00
11/3/2014,Thames Valley,Thames Valley - Oxford Area,4.00,9.00,12.00,0.00,0.00,0.00
12/3/2014,Thames Valley,Thames Valley - Oxford Area,5.40,10.30,13.30,0.10,0.00,0.00
13/3/2014,Thames Valley,Thames Valley - Oxford Area,5.20,10.10,13.10,0.00,0.00,0.00
14/3/2014,Thames Valley,Thames Valley - Oxford Area,4.50,8.90,11.90,0.60,0.00,0.00
15/3/2014,Thames Valley,Thames Valley - Oxford Area,1.30,4.80,7.70,1.60,0.10,0.00
16/3/2014,Thames Valley,Thames Valley - Oxford Area,1.30,4.40,6.90,2.50,0.50,0.00
17/3/2014,Thames Valley,Thames Valley - Oxford Area,2.20,6.60,9.60,0.60,0.00,0.00
18/3/2014,Thames Valley,Thames Valley - Oxford Area,1.30,5.70,8.70,0.60,0.00,0.00
19/3/2014,Thames Valley,Thames Valley - Oxford Area,1.90,6.10,9.10,0.90,0.00,0.00
20/3/2014,Thames Valley,Thames Valley - Oxford Area,1.40,5.70,8.70,0.70,0.00,0.00
21/3/2014,Thames Valley,Thames Valley - Oxford Area,3.00,7.90,10.90,0.10,0.00,0.00
22/3/2014,Thames Valley,Thames Valley - Oxford Area,4.60,9.60,12.60,0.00,0.00,0.00
23/3/2014,Thames Valley,Thames Valley - Oxford Area,5.90,10.90,13.90,0.00,0.00,0.00
24/3/2014,Thames Valley,Thames Valley - Oxford Area,5.80,10.80,13.80,0.00,0.00,0.00
